Year,Area,Element Code,Element,Item Code,Item,Year Code,Unit,Value
1961,Americas,7230,Emissions (N2O),5061,Synthetic Fertilizers,1961,kilotonnes,72.3821
1962,Americas,7230,Emissions (N2O),5061,Synthetic Fertilizers,1962,kilotonnes,83.4528
1963,Americas,7230,Emissions (N2O),5061,Synthetic Fertilizers,1963,kilotonnes,96.0719
1964,Americas,7230,Emissions (N2O),5061,Synthetic Fertilizers,1964,kilotonnes,103.5306
1965,Americas,7230,Emissions (N2O),5061,Synthetic Fertilizers,1965,kilotonnes,115.9178
1966,Americas,7230,Emissions (N2O),5061,Synthetic Fertilizers,1966,kilotonnes,132.0489
1967,Americas,7230,Emissions (N2O),5061,Synthetic Fertilizers,1967,kilotonnes,149.8096
1968,Americas,7230,Emissions (N2O),5061,Synthetic Fertilizers,1968,kilotonnes,158.0258
1969,Americas,7230,Emissions (N2O),5061,Synthetic Fertilizers,1969,kilotonnes,167.7165
1970,Americas,7230,Emissions (N2O),5061,Synthetic Fertilizers,1970,kilotonnes,182.8935
1971,Americas,7230,Emissions (N2O),5061,Synthetic Fertilizers,1971,kilotonnes,187.5571
1972,Americas,7230,Emissions (N2O),5061,Synthetic Fertilizers,1972,kilotonnes,197.4416
1973,Americas,7230,Emissions (N2O),5061,Synthetic Fertilizers,1973,kilotonnes,213.7549
1974,Americas,7230,Emissions (N2O),5061,Synthetic Fertilizers,1974,kilotonnes,214.6063
1975,Americas,7230,Emissions (N2O),5061,Synthetic Fertilizers,1975,kilotonnes,236.1001
1976,Americas,7230,Emissions (N2O),5061,Synthetic Fertilizers,1976,kilotonnes,259.0384
1977,Americas,7230,Emissions (N2O),5061,Synthetic Fertilizers,1977,kilotonnes,260.0263
1978,Americas,7230,Emissions (N2O),5061,Synthetic Fertilizers,1978,kilotonnes,266.1338
1979,Americas,7230,Emissions (N2O),5061,Synthetic Fertilizers,1979,kilotonnes,283.6774
1980,Americas,7230,Emissions (N2O),5061,Synthetic Fertilizers,1980,kilotonnes,300.9427
1981,Americas,7230,Emissions (N2O),5061,Synthetic Fertilizers,1981,kilotonnes,292.9361
1982,Americas,7230,Emissions (N2O),5061,Synthetic Fertilizers,1982,kilotonnes,264.9758
1983,Americas,7230,Emissions (N2O),5061,Synthetic Fertilizers,1983,kilotonnes,279.1538
1984,Americas,7230,Emissions (N2O),5061,Synthetic Fertilizers,1984,kilotonnes,309.2187
1985,Americas,7230,Emissions (N2O),5061,Synthetic Fertilizers,1985,kilotonnes,299.6554
1986,Americas,7230,Emissions (N2O),5061,Synthetic Fertilizers,1986,kilotonnes,297.7315
1987,Americas,7230,Emissions (N2O),5061,Synthetic Fertilizers,1987,kilotonnes,303.8018
1988,Americas,7230,Emissions (N2O),5061,Synthetic Fertilizers,1988,kilotonnes,302.481
1989,Americas,7230,Emissions (N2O),5061,Synthetic Fertilizers,1989,kilotonnes,309.5248
1990,Americas,7230,Emissions (N2O),5061,Synthetic Fertilizers,1990,kilotonnes,312.9221
1991,Americas,7230,Emissions (N2O),5061,Synthetic Fertilizers,1991,kilotonnes,313.9145
1992,Americas,7230,Emissions (N2O),5061,Synthetic Fertilizers,1992,kilotonnes,316.4068
1993,Americas,7230,Emissions (N2O),5061,Synthetic Fertilizers,1993,kilotonnes,337.7827
1994,Americas,7230,Emissions (N2O),5061,Synthetic Fertilizers,1994,kilotonnes,338.3163
1995,Americas,7230,Emissions (N2O),5061,Synthetic Fertilizers,1995,kilotonnes,342.3914
1996,Americas,7230,Emissions (N2O),5061,Synthetic Fertilizers,1996,kilotonnes,359.8671
1997,Americas,7230,Emissions (N2O),5061,Synthetic Fertilizers,1997,kilotonnes,365.6376
1998,Americas,7230,Emissions (N2O),5061,Synthetic Fertilizers,1998,kilotonnes,369.732
1999,Americas,7230,Emissions (N2O),5061,Synthetic Fertilizers,1999,kilotonnes,371.5109
2000,Americas,7230,Emissions (N2O),5061,Synthetic Fertilizers,2000,kilotonnes,362.5946
2001,Americas,7230,Emissions (N2O),5061,Synthetic Fertilizers,2001,kilotonnes,366.1126
2002,Americas,7230,Emissions (N2O),5061,Synthetic Fertilizers,2002,kilotonnes,366.5868
2003,Americas,7230,Emissions (N2O),5061,Synthetic Fertilizers,2003,kilotonnes,391.329
2004,Americas,7230,Emissions (N2O),5061,Synthetic Fertilizers,2004,kilotonnes,398.1379
2005,Americas,7230,Emissions (N2O),5061,Synthetic Fertilizers,2005,kilotonnes,389.5101
2006,Americas,7230,Emissions (N2O),5061,Synthetic Fertilizers,2006,kilotonnes,399.968
2007,Americas,7230,Emissions (N2O),5061,Synthetic Fertilizers,2007,kilotonnes,438.7178
2008,Americas,7230,Emissions (N2O),5061,Synthetic Fertilizers,2008,kilotonnes,409.9435
2009,Americas,7230,Emissions (N2O),5061,Synthetic Fertilizers,2009,kilotonnes,389.5027
2010,Americas,7230,Emissions (N2O),5061,Synthetic Fertilizers,2010,kilotonnes,424.5379
2011,Americas,7230,Emissions (N2O),5061,Synthetic Fertilizers,2011,kilotonnes,475.4182
2012,Americas,7230,Emissions (N2O),5061,Synthetic Fertilizers,2012,kilotonnes,484.6113
2013,Americas,7230,Emissions (N2O),5061,Synthetic Fertilizers,2013,kilotonnes,493.2244
2014,Americas,7230,Emissions (N2O),5061,Synthetic Fertilizers,2014,kilotonnes,484.2247
2015,Americas,7230,Emissions (N2O),5061,Synthetic Fertilizers,2015,kilotonnes,454.5363
2016,Americas,7230,Emissions (N2O),5061,Synthetic Fertilizers,2016,kilotonnes,487.0843
2017,Americas,7230,Emissions (N2O),5061,Synthetic Fertilizers,2017,kilotonnes,510.1562
2018,Americas,7230,Emissions (N2O),5061,Synthetic Fertilizers,2018,kilotonnes,511.6625
2019,Americas,7230,Emissions (N2O),5061,Synthetic Fertilizers,2019,kilotonnes,502.9676
1961,Americas,7225,Emissions (CH4),5066,Burning - Crop residues,1961,kilotonnes,175.1759
1961,Americas,7230,Emissions (N2O),5066,Burning - Crop residues,1961,kilotonnes,4.5416
1962,Americas,7225,Emissions (CH4),5066,Burning - Crop residues,1962,kilotonnes,171.487
1962,Americas,7230,Emissions (N2O),5066,Burning - Crop residues,1962,kilotonnes,4.446
1963,Americas,7225,Emissions (CH4),5066,Burning - Crop residues,1963,kilotonnes,181.9552
1963,Americas,7230,Emissions (N2O),5066,Burning - Crop residues,1963,kilotonnes,4.7174
1964,Americas,7225,Emissions (CH4),5066,Burning - Crop residues,1964,kilotonnes,185.7363
1964,Americas,7230,Emissions (N2O),5066,Burning - Crop residues,1964,kilotonnes,4.8154
1965,Americas,7225,Emissions (CH4),5066,Burning - Crop residues,1965,kilotonnes,187.823
1965,Americas,7230,Emissions (N2O),5066,Burning - Crop residues,1965,kilotonnes,4.8695
1966,Americas,7225,Emissions (CH4),5066,Burning - Crop residues,1966,kilotonnes,191.4766
1966,Americas,7230,Emissions (N2O),5066,Burning - Crop residues,1966,kilotonnes,4.9642
1967,Americas,7225,Emissions (CH4),5066,Burning - Crop residues,1967,kilotonnes,201.6306
1967,Americas,7230,Emissions (N2O),5066,Burning - Crop residues,1967,kilotonnes,5.2275
1968,Americas,7225,Emissions (CH4),5066,Burning - Crop residues,1968,kilotonnes,196.0565
1968,Americas,7230,Emissions (N2O),5066,Burning - Crop residues,1968,kilotonnes,5.0829
1969,Americas,7225,Emissions (CH4),5066,Burning - Crop residues,1969,kilotonnes,188.0162
1969,Americas,7230,Emissions (N2O),5066,Burning - Crop residues,1969,kilotonnes,4.8745
1970,Americas,7225,Emissions (CH4),5066,Burning - Crop residues,1970,kilotonnes,187.355
1970,Americas,7230,Emissions (N2O),5066,Burning - Crop residues,1970,kilotonnes,4.8574
1971,Americas,7225,Emissions (CH4),5066,Burning - Crop residues,1971,kilotonnes,202.6613
1971,Americas,7230,Emissions (N2O),5066,Burning - Crop residues,1971,kilotonnes,5.2542
1972,Americas,7225,Emissions (CH4),5066,Burning - Crop residues,1972,kilotonnes,192.2668
1972,Americas,7230,Emissions (N2O),5066,Burning - Crop residues,1972,kilotonnes,4.9847
1973,Americas,7225,Emissions (CH4),5066,Burning - Crop residues,1973,kilotonnes,200.0465
1973,Americas,7230,Emissions (N2O),5066,Burning - Crop residues,1973,kilotonnes,5.1864
1974,Americas,7225,Emissions (CH4),5066,Burning - Crop residues,1974,kilotonnes,209.6728
1974,Americas,7230,Emissions (N2O),5066,Burning - Crop residues,1974,kilotonnes,5.436
1975,Americas,7225,Emissions (CH4),5066,Burning - Crop residues,1975,kilotonnes,217.0625
1975,Americas,7230,Emissions (N2O),5066,Burning - Crop residues,1975,kilotonnes,5.6275
1976,Americas,7225,Emissions (CH4),5066,Burning - Crop residues,1976,kilotonnes,228.9949
1976,Americas,7230,Emissions (N2O),5066,Burning - Crop residues,1976,kilotonnes,5.9369
1977,Americas,7225,Emissions (CH4),5066,Burning - Crop residues,1977,kilotonnes,225.0939
1977,Americas,7230,Emissions (N2O),5066,Burning - Crop residues,1977,kilotonnes,5.8358
1978,Americas,7225,Emissions (CH4),5066,Burning - Crop residues,1978,kilotonnes,219.9765
1978,Americas,7230,Emissions (N2O),5066,Burning - Crop residues,1978,kilotonnes,5.7031
1979,Americas,7225,Emissions (CH4),5066,Burning - Crop residues,1979,kilotonnes,220.2959
1979,Americas,7230,Emissions (N2O),5066,Burning - Crop residues,1979,kilotonnes,5.7114
1980,Americas,7225,Emissions (CH4),5066,Burning - Crop residues,1980,kilotonnes,229.6077
1980,Americas,7230,Emissions (N2O),5066,Burning - Crop residues,1980,kilotonnes,5.9528
1981,Americas,7225,Emissions (CH4),5066,Burning - Crop residues,1981,kilotonnes,242.4461
1981,Americas,7230,Emissions (N2O),5066,Burning - Crop residues,1981,kilotonnes,6.2856
1982,Americas,7225,Emissions (CH4),5066,Burning - Crop residues,1982,kilotonnes,238.4582
1982,Americas,7230,Emissions (N2O),5066,Burning - Crop residues,1982,kilotonnes,6.1822
1983,Americas,7225,Emissions (CH4),5066,Burning - Crop residues,1983,kilotonnes,204.2904
1983,Americas,7230,Emissions (N2O),5066,Burning - Crop residues,1983,kilotonnes,5.2964
1984,Americas,7225,Emissions (CH4),5066,Burning - Crop residues,1984,kilotonnes,232.2193
1984,Americas,7230,Emissions (N2O),5066,Burning - Crop residues,1984,kilotonnes,6.0205
1985,Americas,7225,Emissions (CH4),5066,Burning - Crop residues,1985,kilotonnes,238.0097
1985,Americas,7230,Emissions (N2O),5066,Burning - Crop residues,1985,kilotonnes,6.1706
1986,Americas,7225,Emissions (CH4),5066,Burning - Crop residues,1986,kilotonnes,231.327
1986,Americas,7230,Emissions (N2O),5066,Burning - Crop residues,1986,kilotonnes,5.9974
1987,Americas,7225,Emissions (CH4),5066,Burning - Crop residues,1987,kilotonnes,222.3644
1987,Americas,7230,Emissions (N2O),5066,Burning - Crop residues,1987,kilotonnes,5.765
1988,Americas,7225,Emissions (CH4),5066,Burning - Crop residues,1988,kilotonnes,215.459
1988,Americas,7230,Emissions (N2O),5066,Burning - Crop residues,1988,kilotonnes,5.586
1989,Americas,7225,Emissions (CH4),5066,Burning - Crop residues,1989,kilotonnes,224.0708
1989,Americas,7230,Emissions (N2O),5066,Burning - Crop residues,1989,kilotonnes,5.8092
1990,Americas,7225,Emissions (CH4),5066,Burning - Crop residues,1990,kilotonnes,224.9353
1990,Americas,7230,Emissions (N2O),5066,Burning - Crop residues,1990,kilotonnes,5.8317
1991,Americas,7225,Emissions (CH4),5066,Burning - Crop residues,1991,kilotonnes,226.9147
1991,Americas,7230,Emissions (N2O),5066,Burning - Crop residues,1991,kilotonnes,5.883
1992,Americas,7225,Emissions (CH4),5066,Burning - Crop residues,1992,kilotonnes,234.3991
1992,Americas,7230,Emissions (N2O),5066,Burning - Crop residues,1992,kilotonnes,6.077
1993,Americas,7225,Emissions (CH4),5066,Burning - Crop residues,1993,kilotonnes,217.8962
1993,Americas,7230,Emissions (N2O),5066,Burning - Crop residues,1993,kilotonnes,5.6492
1994,Americas,7225,Emissions (CH4),5066,Burning - Crop residues,1994,kilotonnes,234.6547
1994,Americas,7230,Emissions (N2O),5066,Burning - Crop residues,1994,kilotonnes,6.0836
1995,Americas,7225,Emissions (CH4),5066,Burning - Crop residues,1995,kilotonnes,227.5123
1995,Americas,7230,Emissions (N2O),5066,Burning - Crop residues,1995,kilotonnes,5.8985
1996,Americas,7225,Emissions (CH4),5066,Burning - Crop residues,1996,kilotonnes,232.2497
1996,Americas,7230,Emissions (N2O),5066,Burning - Crop residues,1996,kilotonnes,6.0213
1997,Americas,7225,Emissions (CH4),5066,Burning - Crop residues,1997,kilotonnes,235.7884
1997,Americas,7230,Emissions (N2O),5066,Burning - Crop residues,1997,kilotonnes,6.113
1998,Americas,7225,Emissions (CH4),5066,Burning - Crop residues,1998,kilotonnes,226.3926
1998,Americas,7230,Emissions (N2O),5066,Burning - Crop residues,1998,kilotonnes,5.8694
1999,Americas,7225,Emissions (CH4),5066,Burning - Crop residues,1999,kilotonnes,221.2338
1999,Americas,7230,Emissions (N2O),5066,Burning - Crop residues,1999,kilotonnes,5.7357
2000,Americas,7225,Emissions (CH4),5066,Burning - Crop residues,2000,kilotonnes,226.0174
2000,Americas,7230,Emissions (N2O),5066,Burning - Crop residues,2000,kilotonnes,5.8597
2001,Americas,7225,Emissions (CH4),5066,Burning - Crop residues,2001,kilotonnes,223.4955
2001,Americas,7230,Emissions (N2O),5066,Burning - Crop residues,2001,kilotonnes,5.7943
2002,Americas,7225,Emissions (CH4),5066,Burning - Crop residues,2002,kilotonnes,217.0425
2002,Americas,7230,Emissions (N2O),5066,Burning - Crop residues,2002,kilotonnes,5.627
2003,Americas,7225,Emissions (CH4),5066,Burning - Crop residues,2003,kilotonnes,227.4089
2003,Americas,7230,Emissions (N2O),5066,Burning - Crop residues,2003,kilotonnes,5.8958
2004,Americas,7225,Emissions (CH4),5066,Burning - Crop residues,2004,kilotonnes,228.4072
2004,Americas,7230,Emissions (N2O),5066,Burning - Crop residues,2004,kilotonnes,5.9217
2005,Americas,7225,Emissions (CH4),5066,Burning - Crop residues,2005,kilotonnes,226.7517
2005,Americas,7230,Emissions (N2O),5066,Burning - Crop residues,2005,kilotonnes,5.8787
2006,Americas,7225,Emissions (CH4),5066,Burning - Crop residues,2006,kilotonnes,221.8504
2006,Americas,7230,Emissions (N2O),5066,Burning - Crop residues,2006,kilotonnes,5.7517
2007,Americas,7225,Emissions (CH4),5066,Burning - Crop residues,2007,kilotonnes,248.3885
2007,Americas,7230,Emissions (N2O),5066,Burning - Crop residues,2007,kilotonnes,6.4397
2008,Americas,7225,Emissions (CH4),5066,Burning - Crop residues,2008,kilotonnes,250.1223
2008,Americas,7230,Emissions (N2O),5066,Burning - Crop residues,2008,kilotonnes,6.4847
2009,Americas,7225,Emissions (CH4),5066,Burning - Crop residues,2009,kilotonnes,240.5495
2009,Americas,7230,Emissions (N2O),5066,Burning - Crop residues,2009,kilotonnes,6.2365
2010,Americas,7225,Emissions (CH4),5066,Burning - Crop residues,2010,kilotonnes,240.7577
2010,Americas,7230,Emissions (N2O),5066,Burning - Crop residues,2010,kilotonnes,6.2419
2011,Americas,7225,Emissions (CH4),5066,Burning - Crop residues,2011,kilotonnes,246.2359
2011,Americas,7230,Emissions (N2O),5066,Burning - Crop residues,2011,kilotonnes,6.3839
2012,Americas,7225,Emissions (CH4),5066,Burning - Crop residues,2012,kilotonnes,257.2699
2012,Americas,7230,Emissions (N2O),5066,Burning - Crop residues,2012,kilotonnes,6.67
2013,Americas,7225,Emissions (CH4),5066,Burning - Crop residues,2013,kilotonnes,264.2148
2013,Americas,7230,Emissions (N2O),5066,Burning - Crop residues,2013,kilotonnes,6.85
2014,Americas,7225,Emissions (CH4),5066,Burning - Crop residues,2014,kilotonnes,258.8977
2014,Americas,7230,Emissions (N2O),5066,Burning - Crop residues,2014,kilotonnes,6.7122
2015,Americas,7225,Emissions (CH4),5066,Burning - Crop residues,2015,kilotonnes,255.878
2015,Americas,7230,Emissions (N2O),5066,Burning - Crop residues,2015,kilotonnes,6.6339
2016,Americas,7225,Emissions (CH4),5066,Burning - Crop residues,2016,kilotonnes,260.9918
2016,Americas,7230,Emissions (N2O),5066,Burning - Crop residues,2016,kilotonnes,6.7665
2017,Americas,7225,Emissions (CH4),5066,Burning - Crop residues,2017,kilotonnes,263.6897
2017,Americas,7230,Emissions (N2O),5066,Burning - Crop residues,2017,kilotonnes,6.8364
2018,Americas,7225,Emissions (CH4),5066,Burning - Crop residues,2018,kilotonnes,262.1711
2018,Americas,7230,Emissions (N2O),5066,Burning - Crop residues,2018,kilotonnes,6.797
2019,Americas,7225,Emissions (CH4),5066,Burning - Crop residues,2019,kilotonnes,263.3644
2019,Americas,7230,Emissions (N2O),5066,Burning - Crop residues,2019,kilotonnes,6.828
1961,Asia,7230,Emissions (N2O),5061,Synthetic Fertilizers,1961,kilotonnes,42.4082
1962,Asia,7230,Emissions (N2O),5061,Synthetic Fertilizers,1962,kilotonnes,50.2568
1963,Asia,7230,Emissions (N2O),5061,Synthetic Fertilizers,1963,kilotonnes,56.3118
1964,Asia,7230,Emissions (N2O),5061,Synthetic Fertilizers,1964,kilotonnes,65.1429
1965,Asia,7230,Emissions (N2O),5061,Synthetic Fertilizers,1965,kilotonnes,79.6881
1966,Asia,7230,Emissions (N2O),5061,Synthetic Fertilizers,1966,kilotonnes,105.7037
1967,Asia,7230,Emissions (N2O),5061,Synthetic Fertilizers,1967,kilotonnes,103.1941
1968,Asia,7230,Emissions (N2O),5061,Synthetic Fertilizers,1968,kilotonnes,115.4706
1969,Asia,7230,Emissions (N2O),5061,Synthetic Fertilizers,1969,kilotonnes,132.6416
1970,Asia,7230,Emissions (N2O),5061,Synthetic Fertilizers,1970,kilotonnes,152.9887
1971,Asia,7230,Emissions (N2O),5061,Synthetic Fertilizers,1971,kilotonnes,162.7964
1972,Asia,7230,Emissions (N2O),5061,Synthetic Fertilizers,1972,kilotonnes,183.6918
1973,Asia,7230,Emissions (N2O),5061,Synthetic Fertilizers,1973,kilotonnes,201.6715
1974,Asia,7230,Emissions (N2O),5061,Synthetic Fertilizers,1974,kilotonnes,181.678
1975,Asia,7230,Emissions (N2O),5061,Synthetic Fertilizers,1975,kilotonnes,234.5705
1976,Asia,7230,Emissions (N2O),5061,Synthetic Fertilizers,1976,kilotonnes,229.8415
1977,Asia,7230,Emissions (N2O),5061,Synthetic Fertilizers,1977,kilotonnes,298.2967
1978,Asia,7230,Emissions (N2O),5061,Synthetic Fertilizers,1978,kilotonnes,362.7159
1979,Asia,7230,Emissions (N2O),5061,Synthetic Fertilizers,1979,kilotonnes,396.579
1980,Asia,7230,Emissions (N2O),5061,Synthetic Fertilizers,1980,kilotonnes,436.9749
1981,Asia,7230,Emissions (N2O),5061,Synthetic Fertilizers,1981,kilotonnes,439.7964
1982,Asia,7230,Emissions (N2O),5061,Synthetic Fertilizers,1982,kilotonnes,465.7394
1983,Asia,7230,Emissions (N2O),5061,Synthetic Fertilizers,1983,kilotonnes,520.4449
1984,Asia,7230,Emissions (N2O),5061,Synthetic Fertilizers,1984,kilotonnes,570.685
1985,Asia,7230,Emissions (N2O),5061,Synthetic Fertilizers,1985,kilotonnes,557.3649
1986,Asia,7230,Emissions (N2O),5061,Synthetic Fertilizers,1986,kilotonnes,581.4901
1987,Asia,7230,Emissions (N2O),5061,Synthetic Fertilizers,1987,kilotonnes,639.7732
1988,Asia,7230,Emissions (N2O),5061,Synthetic Fertilizers,1988,kilotonnes,713.0072
1989,Asia,7230,Emissions (N2O),5061,Synthetic Fertilizers,1989,kilotonnes,731.0455
1990,Asia,7230,Emissions (N2O),5061,Synthetic Fertilizers,1990,kilotonnes,756.2054
1991,Asia,7230,Emissions (N2O),5061,Synthetic Fertilizers,1991,kilotonnes,774.1956
1992,Asia,7230,Emissions (N2O),5061,Synthetic Fertilizers,1992,kilotonnes,821.6626
1993,Asia,7230,Emissions (N2O),5061,Synthetic Fertilizers,1993,kilotonnes,778.3124
1994,Asia,7230,Emissions (N2O),5061,Synthetic Fertilizers,1994,kilotonnes,820.6136
1995,Asia,7230,Emissions (N2O),5061,Synthetic Fertilizers,1995,kilotonnes,934.087
1996,Asia,7230,Emissions (N2O),5061,Synthetic Fertilizers,1996,kilotonnes,989.4225
1997,Asia,7230,Emissions (N2O),5061,Synthetic Fertilizers,1997,kilotonnes,960.2947
1998,Asia,7230,Emissions (N2O),5061,Synthetic Fertilizers,1998,kilotonnes,987.4524
1999,Asia,7230,Emissions (N2O),5061,Synthetic Fertilizers,1999,kilotonnes,1024.9614
2000,Asia,7230,Emissions (N2O),5061,Synthetic Fertilizers,2000,kilotonnes,967.5403
2001,Asia,7230,Emissions (N2O),5061,Synthetic Fertilizers,2001,kilotonnes,974.6792
2002,Asia,7230,Emissions (N2O),5061,Synthetic Fertilizers,2002,kilotonnes,1026.4883
2003,Asia,7230,Emissions (N2O),5061,Synthetic Fertilizers,2003,kilotonnes,1049.3952
2004,Asia,7230,Emissions (N2O),5061,Synthetic Fertilizers,2004,kilotonnes,1096.6703
2005,Asia,7230,Emissions (N2O),5061,Synthetic Fertilizers,2005,kilotonnes,1129.2395
2006,Asia,7230,Emissions (N2O),5061,Synthetic Fertilizers,2006,kilotonnes,1169.4434
2007,Asia,7230,Emissions (N2O),5061,Synthetic Fertilizers,2007,kilotonnes,1197.9396
2008,Asia,7230,Emissions (N2O),5061,Synthetic Fertilizers,2008,kilotonnes,1211.857
2009,Asia,7230,Emissions (N2O),5061,Synthetic Fertilizers,2009,kilotonnes,1272.3059
2010,Asia,7230,Emissions (N2O),5061,Synthetic Fertilizers,2010,kilotonnes,1291.9515
2011,Asia,7230,Emissions (N2O),5061,Synthetic Fertilizers,2011,kilotonnes,1315.6938
2012,Asia,7230,Emissions (N2O),5061,Synthetic Fertilizers,2012,kilotonnes,1314.0204
2013,Asia,7230,Emissions (N2O),5061,Synthetic Fertilizers,2013,kilotonnes,1331.668
2014,Asia,7230,Emissions (N2O),5061,Synthetic Fertilizers,2014,kilotonnes,1340.801
2015,Asia,7230,Emissions (N2O),5061,Synthetic Fertilizers,2015,kilotonnes,1340.6515
2016,Asia,7230,Emissions (N2O),5061,Synthetic Fertilizers,2016,kilotonnes,1333.7375
2017,Asia,7230,Emissions (N2O),5061,Synthetic Fertilizers,2017,kilotonnes,1333.8424
2018,Asia,7230,Emissions (N2O),5061,Synthetic Fertilizers,2018,kilotonnes,1312.8533
2019,Asia,7230,Emissions (N2O),5061,Synthetic Fertilizers,2019,kilotonnes,1326.811
1961,Asia,7225,Emissions (CH4),5066,Burning - Crop residues,1961,kilotonnes,306.4455
1961,Asia,7230,Emissions (N2O),5066,Burning - Crop residues,1961,kilotonnes,7.9449
1962,Asia,7225,Emissions (CH4),5066,Burning - Crop residues,1962,kilotonnes,307.5017
1962,Asia,7230,Emissions (N2O),5066,Burning - Crop residues,1962,kilotonnes,7.9723
1963,Asia,7225,Emissions (CH4),5066,Burning - Crop residues,1963,kilotonnes,312.4578
1963,Asia,7230,Emissions (N2O),5066,Burning - Crop residues,1963,kilotonnes,8.1008
1964,Asia,7225,Emissions (CH4),5066,Burning - Crop residues,1964,kilotonnes,324.7525
1964,Asia,7230,Emissions (N2O),5066,Burning - Crop residues,1964,kilotonnes,8.4195
1965,Asia,7225,Emissions (CH4),5066,Burning - Crop residues,1965,kilotonnes,324.0673
1965,Asia,7230,Emissions (N2O),5066,Burning - Crop residues,1965,kilotonnes,8.4017
1966,Asia,7225,Emissions (CH4),5066,Burning - Crop residues,1966,kilotonnes,332.6535
1966,Asia,7230,Emissions (N2O),5066,Burning - Crop residues,1966,kilotonnes,8.6244
1967,Asia,7225,Emissions (CH4),5066,Burning - Crop residues,1967,kilotonnes,330.653
1967,Asia,7230,Emissions (N2O),5066,Burning - Crop residues,1967,kilotonnes,8.5725
1968,Asia,7225,Emissions (CH4),5066,Burning - Crop residues,1968,kilotonnes,336.9745
1968,Asia,7230,Emissions (N2O),5066,Burning - Crop residues,1968,kilotonnes,8.7364
1969,Asia,7225,Emissions (CH4),5066,Burning - Crop residues,1969,kilotonnes,341.3255
1969,Asia,7230,Emissions (N2O),5066,Burning - Crop residues,1969,kilotonnes,8.8492
1970,Asia,7225,Emissions (CH4),5066,Burning - Crop residues,1970,kilotonnes,346.5663
1970,Asia,7230,Emissions (N2O),5066,Burning - Crop residues,1970,kilotonnes,8.9851
1971,Asia,7225,Emissions (CH4),5066,Burning - Crop residues,1971,kilotonnes,352.1963
1971,Asia,7230,Emissions (N2O),5066,Burning - Crop residues,1971,kilotonnes,9.131
1972,Asia,7225,Emissions (CH4),5066,Burning - Crop residues,1972,kilotonnes,350.7834
1972,Asia,7230,Emissions (N2O),5066,Burning - Crop residues,1972,kilotonnes,9.0944
1973,Asia,7225,Emissions (CH4),5066,Burning - Crop residues,1973,kilotonnes,360.7258
1973,Asia,7230,Emissions (N2O),5066,Burning - Crop residues,1973,kilotonnes,9.3522
1974,Asia,7225,Emissions (CH4),5066,Burning - Crop residues,1974,kilotonnes,363.6529
1974,Asia,7230,Emissions (N2O),5066,Burning - Crop residues,1974,kilotonnes,9.428
1975,Asia,7225,Emissions (CH4),5066,Burning - Crop residues,1975,kilotonnes,373.8701
1975,Asia,7230,Emissions (N2O),5066,Burning - Crop residues,1975,kilotonnes,9.6929
1976,Asia,7225,Emissions (CH4),5066,Burning - Crop residues,1976,kilotonnes,376.9994
1976,Asia,7230,Emissions (N2O),5066,Burning - Crop residues,1976,kilotonnes,9.7741
1977,Asia,7225,Emissions (CH4),5066,Burning - Crop residues,1977,kilotonnes,381.4971
1977,Asia,7230,Emissions (N2O),5066,Burning - Crop residues,1977,kilotonnes,9.8907
1978,Asia,7225,Emissions (CH4),5066,Burning - Crop residues,1978,kilotonnes,388.0855
1978,Asia,7230,Emissions (N2O),5066,Burning - Crop residues,1978,kilotonnes,10.0615
1979,Asia,7225,Emissions (CH4),5066,Burning - Crop residues,1979,kilotonnes,384.307
1979,Asia,7230,Emissions (N2O),5066,Burning - Crop residues,1979,kilotonnes,9.9635
1980,Asia,7225,Emissions (CH4),5066,Burning - Crop residues,1980,kilotonnes,389.0681
1980,Asia,7230,Emissions (N2O),5066,Burning - Crop residues,1980,kilotonnes,10.087
1981,Asia,7225,Emissions (CH4),5066,Burning - Crop residues,1981,kilotonnes,388.0315
1981,Asia,7230,Emissions (N2O),5066,Burning - Crop residues,1981,kilotonnes,10.0601
1982,Asia,7225,Emissions (CH4),5066,Burning - Crop residues,1982,kilotonnes,377.733
1982,Asia,7230,Emissions (N2O),5066,Burning - Crop residues,1982,kilotonnes,9.7931
1983,Asia,7225,Emissions (CH4),5066,Burning - Crop residues,1983,kilotonnes,390.466
1983,Asia,7230,Emissions (N2O),5066,Burning - Crop residues,1983,kilotonnes,10.1232
1984,Asia,7225,Emissions (CH4),5066,Burning - Crop residues,1984,kilotonnes,390.8846
1984,Asia,7230,Emissions (N2O),5066,Burning - Crop residues,1984,kilotonnes,10.134
1985,Asia,7225,Emissions (CH4),5066,Burning - Crop residues,1985,kilotonnes,389.1328
1985,Asia,7230,Emissions (N2O),5066,Burning - Crop residues,1985,kilotonnes,10.0886
1986,Asia,7225,Emissions (CH4),5066,Burning - Crop residues,1986,kilotonnes,393.9715
1986,Asia,7230,Emissions (N2O),5066,Burning - Crop residues,1986,kilotonnes,10.2141
1987,Asia,7225,Emissions (CH4),5066,Burning - Crop residues,1987,kilotonnes,388.2289
1987,Asia,7230,Emissions (N2O),5066,Burning - Crop residues,1987,kilotonnes,10.0652
1988,Asia,7225,Emissions (CH4),5066,Burning - Crop residues,1988,kilotonnes,398.3772
1988,Asia,7230,Emissions (N2O),5066,Burning - Crop residues,1988,kilotonnes,10.3283
1989,Asia,7225,Emissions (CH4),5066,Burning - Crop residues,1989,kilotonnes,404.5991
1989,Asia,7230,Emissions (N2O),5066,Burning - Crop residues,1989,kilotonnes,10.4896
1990,Asia,7225,Emissions (CH4),5066,Burning - Crop residues,1990,kilotonnes,409.3937
1990,Asia,7230,Emissions (N2O),5066,Burning - Crop residues,1990,kilotonnes,10.6139
1991,Asia,7225,Emissions (CH4),5066,Burning - Crop residues,1991,kilotonnes,409.558
1991,Asia,7230,Emissions (N2O),5066,Burning - Crop residues,1991,kilotonnes,10.6182
1992,Asia,7225,Emissions (CH4),5066,Burning - Crop residues,1992,kilotonnes,426.7215
1992,Asia,7230,Emissions (N2O),5066,Burning - Crop residues,1992,kilotonnes,11.0632
1993,Asia,7225,Emissions (CH4),5066,Burning - Crop residues,1993,kilotonnes,424.7677
1993,Asia,7230,Emissions (N2O),5066,Burning - Crop residues,1993,kilotonnes,11.0125
1994,Asia,7225,Emissions (CH4),5066,Burning - Crop residues,1994,kilotonnes,424.6925
1994,Asia,7230,Emissions (N2O),5066,Burning - Crop residues,1994,kilotonnes,11.0105
1995,Asia,7225,Emissions (CH4),5066,Burning - Crop residues,1995,kilotonnes,432.8853
1995,Asia,7230,Emissions (N2O),5066,Burning - Crop residues,1995,kilotonnes,11.223
1996,Asia,7225,Emissions (CH4),5066,Burning - Crop residues,1996,kilotonnes,442.745
1996,Asia,7230,Emissions (N2O),5066,Burning - Crop residues,1996,kilotonnes,11.4786
1997,Asia,7225,Emissions (CH4),5066,Burning - Crop residues,1997,kilotonnes,441.643
1997,Asia,7230,Emissions (N2O),5066,Burning - Crop residues,1997,kilotonnes,11.45
1998,Asia,7225,Emissions (CH4),5066,Burning - Crop residues,1998,kilotonnes,445.885
1998,Asia,7230,Emissions (N2O),5066,Burning - Crop residues,1998,kilotonnes,11.56
1999,Asia,7225,Emissions (CH4),5066,Burning - Crop residues,1999,kilotonnes,451.5005
1999,Asia,7230,Emissions (N2O),5066,Burning - Crop residues,1999,kilotonnes,11.7056
2000,Asia,7225,Emissions (CH4),5066,Burning - Crop residues,2000,kilotonnes,439.4551
2000,Asia,7230,Emissions (N2O),5066,Burning - Crop residues,2000,kilotonnes,11.3933
2001,Asia,7225,Emissions (CH4),5066,Burning - Crop residues,2001,kilotonnes,436.5653
2001,Asia,7230,Emissions (N2O),5066,Burning - Crop residues,2001,kilotonnes,11.3184
2002,Asia,7225,Emissions (CH4),5066,Burning - Crop residues,2002,kilotonnes,433.6437
2002,Asia,7230,Emissions (N2O),5066,Burning - Crop residues,2002,kilotonnes,11.2426
2003,Asia,7225,Emissions (CH4),5066,Burning - Crop residues,2003,kilotonnes,434.5693
2003,Asia,7230,Emissions (N2O),5066,Burning - Crop residues,2003,kilotonnes,11.2666
2004,Asia,7225,Emissions (CH4),5066,Burning - Crop residues,2004,kilotonnes,441.6157
2004,Asia,7230,Emissions (N2O),5066,Burning - Crop residues,2004,kilotonnes,11.4493
2005,Asia,7225,Emissions (CH4),5066,Burning - Crop residues,2005,kilotonnes,453.5285
2005,Asia,7230,Emissions (N2O),5066,Burning - Crop residues,2005,kilotonnes,11.7581
2006,Asia,7225,Emissions (CH4),5066,Burning - Crop residues,2006,kilotonnes,459.8867
2006,Asia,7230,Emissions (N2O),5066,Burning - Crop residues,2006,kilotonnes,11.923
2007,Asia,7225,Emissions (CH4),5066,Burning - Crop residues,2007,kilotonnes,469.7498
2007,Asia,7230,Emissions (N2O),5066,Burning - Crop residues,2007,kilotonnes,12.1787
2008,Asia,7225,Emissions (CH4),5066,Burning - Crop residues,2008,kilotonnes,476.2249
2008,Asia,7230,Emissions (N2O),5066,Burning - Crop residues,2008,kilotonnes,12.3466
2009,Asia,7225,Emissions (CH4),5066,Burning - Crop residues,2009,kilotonnes,478.3559
2009,Asia,7230,Emissions (N2O),5066,Burning - Crop residues,2009,kilotonnes,12.4018
2010,Asia,7225,Emissions (CH4),5066,Burning - Crop residues,2010,kilotonnes,484.6028
2010,Asia,7230,Emissions (N2O),5066,Burning - Crop residues,2010,kilotonnes,12.5638
2011,Asia,7225,Emissions (CH4),5066,Burning - Crop residues,2011,kilotonnes,492.533
2011,Asia,7230,Emissions (N2O),5066,Burning - Crop residues,2011,kilotonnes,12.7694
2012,Asia,7225,Emissions (CH4),5066,Burning - Crop residues,2012,kilotonnes,494.5122
2012,Asia,7230,Emissions (N2O),5066,Burning - Crop residues,2012,kilotonnes,12.8207
2013,Asia,7225,Emissions (CH4),5066,Burning - Crop residues,2013,kilotonnes,504.3859
2013,Asia,7230,Emissions (N2O),5066,Burning - Crop residues,2013,kilotonnes,13.0767
2014,Asia,7225,Emissions (CH4),5066,Burning - Crop residues,2014,kilotonnes,503.2291
2014,Asia,7230,Emissions (N2O),5066,Burning - Crop residues,2014,kilotonnes,13.0467
2015,Asia,7225,Emissions (CH4),5066,Burning - Crop residues,2015,kilotonnes,519.1344
2015,Asia,7230,Emissions (N2O),5066,Burning - Crop residues,2015,kilotonnes,13.459
2016,Asia,7225,Emissions (CH4),5066,Burning - Crop residues,2016,kilotonnes,521.3922
2016,Asia,7230,Emissions (N2O),5066,Burning - Crop residues,2016,kilotonnes,13.5176
2017,Asia,7225,Emissions (CH4),5066,Burning - Crop residues,2017,kilotonnes,519.8741
2017,Asia,7230,Emissions (N2O),5066,Burning - Crop residues,2017,kilotonnes,13.4782
2018,Asia,7225,Emissions (CH4),5066,Burning - Crop residues,2018,kilotonnes,515.6782
2018,Asia,7230,Emissions (N2O),5066,Burning - Crop residues,2018,kilotonnes,13.3694
2019,Asia,7225,Emissions (CH4),5066,Burning - Crop residues,2019,kilotonnes,511.0759
2019,Asia,7230,Emissions (N2O),5066,Burning - Crop residues,2019,kilotonnes,13.2501
1961,Europe,7230,Emissions (N2O),5061,Synthetic Fertilizers,1961,kilotonnes,114.3125
1962,Europe,7230,Emissions (N2O),5061,Synthetic Fertilizers,1962,kilotonnes,125.0899
1963,Europe,7230,Emissions (N2O),5061,Synthetic Fertilizers,1963,kilotonnes,139.0399
1964,Europe,7230,Emissions (N2O),5061,Synthetic Fertilizers,1964,kilotonnes,157.9202
1965,Europe,7230,Emissions (N2O),5061,Synthetic Fertilizers,1965,kilotonnes,181.8508
1966,Europe,7230,Emissions (N2O),5061,Synthetic Fertilizers,1966,kilotonnes,203.6421
1967,Europe,7230,Emissions (N2O),5061,Synthetic Fertilizers,1967,kilotonnes,227.9865
1968,Europe,7230,Emissions (N2O),5061,Synthetic Fertilizers,1968,kilotonnes,251.7112
1969,Europe,7230,Emissions (N2O),5061,Synthetic Fertilizers,1969,kilotonnes,267.7337
1970,Europe,7230,Emissions (N2O),5061,Synthetic Fertilizers,1970,kilotonnes,296.7519
1971,Europe,7230,Emissions (N2O),5061,Synthetic Fertilizers,1971,kilotonnes,321.3428
1972,Europe,7230,Emissions (N2O),5061,Synthetic Fertilizers,1972,kilotonnes,338.748
1973,Europe,7230,Emissions (N2O),5061,Synthetic Fertilizers,1973,kilotonnes,363.9198
1974,Europe,7230,Emissions (N2O),5061,Synthetic Fertilizers,1974,kilotonnes,374.9883
1975,Europe,7230,Emissions (N2O),5061,Synthetic Fertilizers,1975,kilotonnes,407.7473
1976,Europe,7230,Emissions (N2O),5061,Synthetic Fertilizers,1976,kilotonnes,411.823
1977,Europe,7230,Emissions (N2O),5061,Synthetic Fertilizers,1977,kilotonnes,426.3053
1978,Europe,7230,Emissions (N2O),5061,Synthetic Fertilizers,1978,kilotonnes,450.6507
1979,Europe,7230,Emissions (N2O),5061,Synthetic Fertilizers,1979,kilotonnes,458.629
1980,Europe,7230,Emissions (N2O),5061,Synthetic Fertilizers,1980,kilotonnes,470.25
1981,Europe,7230,Emissions (N2O),5061,Synthetic Fertilizers,1981,kilotonnes,474.7705
1982,Europe,7230,Emissions (N2O),5061,Synthetic Fertilizers,1982,kilotonnes,497.6569
1983,Europe,7230,Emissions (N2O),5061,Synthetic Fertilizers,1983,kilotonnes,530.1827
1984,Europe,7230,Emissions (N2O),5061,Synthetic Fertilizers,1984,kilotonnes,533.8769
1985,Europe,7230,Emissions (N2O),5061,Synthetic Fertilizers,1985,kilotonnes,553.6501
1986,Europe,7230,Emissions (N2O),5061,Synthetic Fertilizers,1986,kilotonnes,567.9753
1987,Europe,7230,Emissions (N2O),5061,Synthetic Fertilizers,1987,kilotonnes,570.912
1988,Europe,7230,Emissions (N2O),5061,Synthetic Fertilizers,1988,kilotonnes,573.9626
1989,Europe,7230,Emissions (N2O),5061,Synthetic Fertilizers,1989,kilotonnes,532.3953
1990,Europe,7230,Emissions (N2O),5061,Synthetic Fertilizers,1990,kilotonnes,468.2453
1991,Europe,7230,Emissions (N2O),5061,Synthetic Fertilizers,1991,kilotonnes,417.3974
1992,Europe,7230,Emissions (N2O),5061,Synthetic Fertilizers,1992,kilotonnes,325.6668
1993,Europe,7230,Emissions (N2O),5061,Synthetic Fertilizers,1993,kilotonnes,305.3871
1994,Europe,7230,Emissions (N2O),5061,Synthetic Fertilizers,1994,kilotonnes,289.6709
1995,Europe,7230,Emissions (N2O),5061,Synthetic Fertilizers,1995,kilotonnes,285.4887
1996,Europe,7230,Emissions (N2O),5061,Synthetic Fertilizers,1996,kilotonnes,297.2803
1997,Europe,7230,Emissions (N2O),5061,Synthetic Fertilizers,1997,kilotonnes,292.8174
1998,Europe,7230,Emissions (N2O),5061,Synthetic Fertilizers,1998,kilotonnes,289.6679
1999,Europe,7230,Emissions (N2O),5061,Synthetic Fertilizers,1999,kilotonnes,291.0146
2000,Europe,7230,Emissions (N2O),5061,Synthetic Fertilizers,2000,kilotonnes,275.0617
2001,Europe,7230,Emissions (N2O),5061,Synthetic Fertilizers,2001,kilotonnes,281.2149
2002,Europe,7230,Emissions (N2O),5061,Synthetic Fertilizers,2002,kilotonnes,278.4396
2003,Europe,7230,Emissions (N2O),5061,Synthetic Fertilizers,2003,kilotonnes,282.2639
2004,Europe,7230,Emissions (N2O),5061,Synthetic Fertilizers,2004,kilotonnes,278.9858
2005,Europe,7230,Emissions (N2O),5061,Synthetic Fertilizers,2005,kilotonnes,271.9344
2006,Europe,7230,Emissions (N2O),5061,Synthetic Fertilizers,2006,kilotonnes,271.1694
2007,Europe,7230,Emissions (N2O),5061,Synthetic Fertilizers,2007,kilotonnes,290.3873
2008,Europe,7230,Emissions (N2O),5061,Synthetic Fertilizers,2008,kilotonnes,278.8005
2009,Europe,7230,Emissions (N2O),5061,Synthetic Fertilizers,2009,kilotonnes,267.07
2010,Europe,7230,Emissions (N2O),5061,Synthetic Fertilizers,2010,kilotonnes,282.2309
2011,Europe,7230,Emissions (N2O),5061,Synthetic Fertilizers,2011,kilotonnes,286.5383
2012,Europe,7230,Emissions (N2O),5061,Synthetic Fertilizers,2012,kilotonnes,290.4861
2013,Europe,7230,Emissions (N2O),5061,Synthetic Fertilizers,2013,kilotonnes,297.8922
2014,Europe,7230,Emissions (N2O),5061,Synthetic Fertilizers,2014,kilotonnes,299.6982
2015,Europe,7230,Emissions (N2O),5061,Synthetic Fertilizers,2015,kilotonnes,304.3123
2016,Europe,7230,Emissions (N2O),5061,Synthetic Fertilizers,2016,kilotonnes,308.1538
2017,Europe,7230,Emissions (N2O),5061,Synthetic Fertilizers,2017,kilotonnes,313.683
2018,Europe,7230,Emissions (N2O),5061,Synthetic Fertilizers,2018,kilotonnes,308.7261
2019,Europe,7230,Emissions (N2O),5061,Synthetic Fertilizers,2019,kilotonnes,310.1876
1961,Europe,7225,Emissions (CH4),5066,Burning - Crop residues,1961,kilotonnes,149.1829
1961,Europe,7230,Emissions (N2O),5066,Burning - Crop residues,1961,kilotonnes,3.8677
1962,Europe,7225,Emissions (CH4),5066,Burning - Crop residues,1962,kilotonnes,153.7847
1962,Europe,7230,Emissions (N2O),5066,Burning - Crop residues,1962,kilotonnes,3.987
1963,Europe,7225,Emissions (CH4),5066,Burning - Crop residues,1963,kilotonnes,150.3033
1963,Europe,7230,Emissions (N2O),5066,Burning - Crop residues,1963,kilotonnes,3.8968
1964,Europe,7225,Emissions (CH4),5066,Burning - Crop residues,1964,kilotonnes,149.5484
1964,Europe,7230,Emissions (N2O),5066,Burning - Crop residues,1964,kilotonnes,3.8772
1965,Europe,7225,Emissions (CH4),5066,Burning - Crop residues,1965,kilotonnes,146.2376
1965,Europe,7230,Emissions (N2O),5066,Burning - Crop residues,1965,kilotonnes,3.7913
1966,Europe,7225,Emissions (CH4),5066,Burning - Crop residues,1966,kilotonnes,145.288
1966,Europe,7230,Emissions (N2O),5066,Burning - Crop residues,1966,kilotonnes,3.7667
1967,Europe,7225,Emissions (CH4),5066,Burning - Crop residues,1967,kilotonnes,142.7656
1967,Europe,7230,Emissions (N2O),5066,Burning - Crop residues,1967,kilotonnes,3.7013
1968,Europe,7225,Emissions (CH4),5066,Burning - Crop residues,1968,kilotonnes,143.8096
1968,Europe,7230,Emissions (N2O),5066,Burning - Crop residues,1968,kilotonnes,3.7284
1969,Europe,7225,Emissions (CH4),5066,Burning - Crop residues,1969,kilotonnes,143.7197
1969,Europe,7230,Emissions (N2O),5066,Burning - Crop residues,1969,kilotonnes,3.7261
1970,Europe,7225,Emissions (CH4),5066,Burning - Crop residues,1970,kilotonnes,140.8752
1970,Europe,7230,Emissions (N2O),5066,Burning - Crop residues,1970,kilotonnes,3.6523
1971,Europe,7225,Emissions (CH4),5066,Burning - Crop residues,1971,kilotonnes,140.9906
1971,Europe,7230,Emissions (N2O),5066,Burning - Crop residues,1971,kilotonnes,3.6553
1972,Europe,7225,Emissions (CH4),5066,Burning - Crop residues,1972,kilotonnes,137.8539
1972,Europe,7230,Emissions (N2O),5066,Burning - Crop residues,1972,kilotonnes,3.574
1973,Europe,7225,Emissions (CH4),5066,Burning - Crop residues,1973,kilotonnes,138.9792
1973,Europe,7230,Emissions (N2O),5066,Burning - Crop residues,1973,kilotonnes,3.6032
1974,Europe,7225,Emissions (CH4),5066,Burning - Crop residues,1974,kilotonnes,137.189
1974,Europe,7230,Emissions (N2O),5066,Burning - Crop residues,1974,kilotonnes,3.5568
1975,Europe,7225,Emissions (CH4),5066,Burning - Crop residues,1975,kilotonnes,135.6593
1975,Europe,7230,Emissions (N2O),5066,Burning - Crop residues,1975,kilotonnes,3.5171
1976,Europe,7225,Emissions (CH4),5066,Burning - Crop residues,1976,kilotonnes,134.921
1976,Europe,7230,Emissions (N2O),5066,Burning - Crop residues,1976,kilotonnes,3.498
1977,Europe,7225,Emissions (CH4),5066,Burning - Crop residues,1977,kilotonnes,136.2865
1977,Europe,7230,Emissions (N2O),5066,Burning - Crop residues,1977,kilotonnes,3.5334
1978,Europe,7225,Emissions (CH4),5066,Burning - Crop residues,1978,kilotonnes,135.4492
1978,Europe,7230,Emissions (N2O),5066,Burning - Crop residues,1978,kilotonnes,3.5116
1979,Europe,7225,Emissions (CH4),5066,Burning - Crop residues,1979,kilotonnes,130.6622
1979,Europe,7230,Emissions (N2O),5066,Burning - Crop residues,1979,kilotonnes,3.3875
1980,Europe,7225,Emissions (CH4),5066,Burning - Crop residues,1980,kilotonnes,135.4837
1980,Europe,7230,Emissions (N2O),5066,Burning - Crop residues,1980,kilotonnes,3.5125
1981,Europe,7225,Emissions (CH4),5066,Burning - Crop residues,1981,kilotonnes,132.6885
1981,Europe,7230,Emissions (N2O),5066,Burning - Crop residues,1981,kilotonnes,3.4401
1982,Europe,7225,Emissions (CH4),5066,Burning - Crop residues,1982,kilotonnes,132.664
1982,Europe,7230,Emissions (N2O),5066,Burning - Crop residues,1982,kilotonnes,3.4394
1983,Europe,7225,Emissions (CH4),5066,Burning - Crop residues,1983,kilotonnes,125.9978
1983,Europe,7230,Emissions (N2O),5066,Burning - Crop residues,1983,kilotonnes,3.2666
1984,Europe,7225,Emissions (CH4),5066,Burning - Crop residues,1984,kilotonnes,127.6087
1984,Europe,7230,Emissions (N2O),5066,Burning - Crop residues,1984,kilotonnes,3.3084
1985,Europe,7225,Emissions (CH4),5066,Burning - Crop residues,1985,kilotonnes,127.5736
1985,Europe,7230,Emissions (N2O),5066,Burning - Crop residues,1985,kilotonnes,3.3075
1986,Europe,7225,Emissions (CH4),5066,Burning - Crop residues,1986,kilotonnes,125.7346
1986,Europe,7230,Emissions (N2O),5066,Burning - Crop residues,1986,kilotonnes,3.2598
1987,Europe,7225,Emissions (CH4),5066,Burning - Crop residues,1987,kilotonnes,123.5841
1987,Europe,7230,Emissions (N2O),5066,Burning - Crop residues,1987,kilotonnes,3.204
1988,Europe,7225,Emissions (CH4),5066,Burning - Crop residues,1988,kilotonnes,124.6536
1988,Europe,7230,Emissions (N2O),5066,Burning - Crop residues,1988,kilotonnes,3.2318
1989,Europe,7225,Emissions (CH4),5066,Burning - Crop residues,1989,kilotonnes,124.1804
1989,Europe,7230,Emissions (N2O),5066,Burning - Crop residues,1989,kilotonnes,3.2195
1990,Europe,7225,Emissions (CH4),5066,Burning - Crop residues,1990,kilotonnes,118.2319
1990,Europe,7230,Emissions (N2O),5066,Burning - Crop residues,1990,kilotonnes,3.0653
1991,Europe,7225,Emissions (CH4),5066,Burning - Crop residues,1991,kilotonnes,117.8069
1991,Europe,7230,Emissions (N2O),5066,Burning - Crop residues,1991,kilotonnes,3.0543
1992,Europe,7225,Emissions (CH4),5066,Burning - Crop residues,1992,kilotonnes,99.9729
1992,Europe,7230,Emissions (N2O),5066,Burning - Crop residues,1992,kilotonnes,2.5919
1993,Europe,7225,Emissions (CH4),5066,Burning - Crop residues,1993,kilotonnes,99.146
1993,Europe,7230,Emissions (N2O),5066,Burning - Crop residues,1993,kilotonnes,2.5705
1994,Europe,7225,Emissions (CH4),5066,Burning - Crop residues,1994,kilotonnes,91.8008
1994,Europe,7230,Emissions (N2O),5066,Burning - Crop residues,1994,kilotonnes,2.38
1995,Europe,7225,Emissions (CH4),5066,Burning - Crop residues,1995,kilotonnes,94.2925
1995,Europe,7230,Emissions (N2O),5066,Burning - Crop residues,1995,kilotonnes,2.4446
1996,Europe,7225,Emissions (CH4),5066,Burning - Crop residues,1996,kilotonnes,95.4384
1996,Europe,7230,Emissions (N2O),5066,Burning - Crop residues,1996,kilotonnes,2.4743
1997,Europe,7225,Emissions (CH4),5066,Burning - Crop residues,1997,kilotonnes,103.1792
1997,Europe,7230,Emissions (N2O),5066,Burning - Crop residues,1997,kilotonnes,2.675
1998,Europe,7225,Emissions (CH4),5066,Burning - Crop residues,1998,kilotonnes,93.8987
1998,Europe,7230,Emissions (N2O),5066,Burning - Crop residues,1998,kilotonnes,2.4344
1999,Europe,7225,Emissions (CH4),5066,Burning - Crop residues,1999,kilotonnes,91.6168
1999,Europe,7230,Emissions (N2O),5066,Burning - Crop residues,1999,kilotonnes,2.3753
2000,Europe,7225,Emissions (CH4),5066,Burning - Crop residues,2000,kilotonnes,96.7941
2000,Europe,7230,Emissions (N2O),5066,Burning - Crop residues,2000,kilotonnes,2.5095
2001,Europe,7225,Emissions (CH4),5066,Burning - Crop residues,2001,kilotonnes,100.2097
2001,Europe,7230,Emissions (N2O),5066,Burning - Crop residues,2001,kilotonnes,2.598
2002,Europe,7225,Emissions (CH4),5066,Burning - Crop residues,2002,kilotonnes,101.7661
2002,Europe,7230,Emissions (N2O),5066,Burning - Crop residues,2002,kilotonnes,2.6384
2003,Europe,7225,Emissions (CH4),5066,Burning - Crop residues,2003,kilotonnes,94.7055
2003,Europe,7230,Emissions (N2O),5066,Burning - Crop residues,2003,kilotonnes,2.4553
2004,Europe,7225,Emissions (CH4),5066,Burning - Crop residues,2004,kilotonnes,104.6161
2004,Europe,7230,Emissions (N2O),5066,Burning - Crop residues,2004,kilotonnes,2.7123
2005,Europe,7225,Emissions (CH4),5066,Burning - Crop residues,2005,kilotonnes,102.4322
2005,Europe,7230,Emissions (N2O),5066,Burning - Crop residues,2005,kilotonnes,2.6557
2006,Europe,7225,Emissions (CH4),5066,Burning - Crop residues,2006,kilotonnes,97.2227
2006,Europe,7230,Emissions (N2O),5066,Burning - Crop residues,2006,kilotonnes,2.5206
2007,Europe,7225,Emissions (CH4),5066,Burning - Crop residues,2007,kilotonnes,98.2783
2007,Europe,7230,Emissions (N2O),5066,Burning - Crop residues,2007,kilotonnes,2.548
2008,Europe,7225,Emissions (CH4),5066,Burning - Crop residues,2008,kilotonnes,109.3972
2008,Europe,7230,Emissions (N2O),5066,Burning - Crop residues,2008,kilotonnes,2.8362
2009,Europe,7225,Emissions (CH4),5066,Burning - Crop residues,2009,kilotonnes,104.674
2009,Europe,7230,Emissions (N2O),5066,Burning - Crop residues,2009,kilotonnes,2.7138
2010,Europe,7225,Emissions (CH4),5066,Burning - Crop residues,2010,kilotonnes,99.219
2010,Europe,7230,Emissions (N2O),5066,Burning - Crop residues,2010,kilotonnes,2.5723
2011,Europe,7225,Emissions (CH4),5066,Burning - Crop residues,2011,kilotonnes,110.051
2011,Europe,7230,Emissions (N2O),5066,Burning - Crop residues,2011,kilotonnes,2.8532
2012,Europe,7225,Emissions (CH4),5066,Burning - Crop residues,2012,kilotonnes,109.1135
2012,Europe,7230,Emissions (N2O),5066,Burning - Crop residues,2012,kilotonnes,2.8289
2013,Europe,7225,Emissions (CH4),5066,Burning - Crop residues,2013,kilotonnes,114.4
2013,Europe,7230,Emissions (N2O),5066,Burning - Crop residues,2013,kilotonnes,2.9659
2014,Europe,7225,Emissions (CH4),5066,Burning - Crop residues,2014,kilotonnes,114.9566
2014,Europe,7230,Emissions (N2O),5066,Burning - Crop residues,2014,kilotonnes,2.9804
2015,Europe,7225,Emissions (CH4),5066,Burning - Crop residues,2015,kilotonnes,115.5563
2015,Europe,7230,Emissions (N2O),5066,Burning - Crop residues,2015,kilotonnes,2.9959
2016,Europe,7225,Emissions (CH4),5066,Burning - Crop residues,2016,kilotonnes,115.767
2016,Europe,7230,Emissions (N2O),5066,Burning - Crop residues,2016,kilotonnes,3.0014
2017,Europe,7225,Emissions (CH4),5066,Burning - Crop residues,2017,kilotonnes,114.6932
2017,Europe,7230,Emissions (N2O),5066,Burning - Crop residues,2017,kilotonnes,2.9735
2018,Europe,7225,Emissions (CH4),5066,Burning - Crop residues,2018,kilotonnes,112.4218
2018,Europe,7230,Emissions (N2O),5066,Burning - Crop residues,2018,kilotonnes,2.9146
2019,Europe,7225,Emissions (CH4),5066,Burning - Crop residues,2019,kilotonnes,117.8557
2019,Europe,7230,Emissions (N2O),5066,Burning - Crop residues,2019,kilotonnes,3.0555
